Topic,Published Date,Title,URL
Economy,2026-04-11,"German debt brake reform won't happen during current government term, Bild reports",https://www.reuters.com/business/german-debt-brake-reform-wont-happen-during-current-government-term-bild-reports-2026-04-11/
Economy,2026-04-10,Spat over oil price relief exposes strains in Germany's coalition,https://www.reuters.com/markets/us/german-minister-pushes-commuter-tax-breaks-rejects-windfall-tax-idea-2026-04-10/
Economy,2026-04-10,German inflation confirmed at 2.8% in March,https://www.reuters.com/world/europe/german-inflation-confirmed-28-march-2026-04-10/
Economy,2026-04-09,"Germany probes Klesch's planned purchase of BP refinery, the Spiegel reports",https://www.reuters.com/business/germany-probes-kleschs-planned-purchase-bp-refinery-reports-spiegel-2026-04-09/
Economy,2026-04-09,"German industrial output fall points to weak quarter, economists say",https://www.reuters.com/business/german-industrial-output-falls-unexpectedly-february-2026-04-09/
Economy,2026-04-09,German exports rise more than expected in February,https://www.reuters.com/world/china/german-exports-rise-more-than-expected-february-2026-04-09/
Economy,2026-04-08,"Germany's February industrial orders up, albeit far below forecasts",https://www.reuters.com/business/german-industrial-orders-rise-09-february-2026-04-08/
Economy,2026-04-08,"German exporters stay upbeat despite Iran war, Allianz Trade says",https://www.reuters.com/business/german-exporters-stay-upbeat-despite-iran-war-allianz-trade-says-2026-04-08/
Economy,2026-04-07,"German service sector growth slows to seven-month low, PMI shows",https://www.reuters.com/world/europe/german-service-sector-growth-slows-seven-month-low-pmi-shows-2026-04-07/
Economy,2026-04-01,Europe scrambles to contain price shock from Iran war as German forecasts are cut,https://apnews.com/article/europe-germany-economy-growth-iran-war-inflation-6dd8a19413de5ba1f788b0f5b447d6b7
Immigration,2026-03-31,German chancellor clarifies Syrian refugee comments after backlash,https://www.reuters.com/world/german-chancellor-clarifies-syrian-refugee-comments-after-backlash-2026-03-31/
Immigration,2026-03-30,Germany's Merz says Berlin will work with Syria to return refugees,https://www.reuters.com/world/middle-east/merz-says-syrian-refugees-have-important-role-rebuilding-their-country-2026-03-30/
Immigration,2026-03-30,German leader sees many Syrians returning home,https://apnews.com/article/germany-syria-refugees-migrants-return-738b393d1ece62dc238b06a72ea081f5
Immigration,2026-03-30,Where in Germany wait times for citizenship are the longest,https://www.thelocal.de/20260330/where-in-germany-wait-times-for-citizenship-are-the-longest
Immigration,2026-02-27,How the CDU aims to tighten Germany's citizenship rules in 2026,https://www.thelocal.de/20260227/how-the-cdu-aims-to-tighten-germanys-citizenship-rules-in-2026
Immigration,2026-02-25,German cities see soaring number of naturalisations as CDU pushes for tighter rules,https://www.thelocal.de/20260225/german-cities-see-soaring-number-of-naturalisations-as-cdu-pushes-for-tighter-rules
Immigration,2026-02-24,Is Germany really planning to let more asylum seekers enter the workforce?,https://www.thelocal.de/20260224/is-germany-really-planning-to-let-more-asylum-seekers-enter-the-workforce
Immigration,2026-02-16,Germany extends border controls another six months,https://www.thelocal.de/20260216/germany-extends-border-controls-another-six-months
Immigration,2026-01-16,Germany's Merz to raise migrant returns in talks with Syrian leader,https://www.reuters.com/world/middle-east/germanys-merz-raise-migrant-returns-talks-with-syrian-leader-2026-01-16/
Immigration,2025-12-17,The planned changes to immigration and citizenship in Germany in 2026,https://www.thelocal.de/20251217/the-planned-changes-to-immigration-and-citizenship-in-germany-in-2026
Crime,2026-04-10,Investigators believe antisemitism was motive in vandalism at Israeli restaurant in Munich,https://apnews.com/article/germany-antisemitism-israeli-restaurant-ee078b24784404d4caed3c90998bce66
Crime,2026-04-05,German police investigate 'dangerous bodily harm' after fan violence in Dresden,https://apnews.com/article/fan-violence-dresden-hertha-berlin-2ad3885d65dca30f17d833cd6b7c197f
Crime,2026-04-03,Man arrested after threatening an attack on a high-speed train in Germany,https://apnews.com/article/germany-attack-threat-train-siegburg-arrest-0855b6e7968b1589a72eb4c4f7e3e320
Crime,2026-04-01,Three go on trial in Germany over plot to overthrow government,https://www.thelocal.de/20260401/three-go-on-trial-in-germany-over-plot-to-overthrow-government
Crime,2026-03-30,German prosecutors arrest Ukrainian man suspected of spying for Russia,https://www.reuters.com/world/german-prosecutors-arrest-ukrainian-man-suspected-spying-russia-2026-03-30/
Crime,2026-03-26,German deepfake porn case sparks protests and pressure to change law,https://www.reuters.com/business/media-telecom/german-deepfake-porn-case-sparks-protests-pressure-change-law-2026-03-26/
Crime,2026-02-25,"Germany seeks to enlist AI, modernise security bodies in fight against organised crime",https://www.reuters.com/world/germany-seeks-enlist-ai-modernise-security-bodies-fight-against-organised-crime-2026-02-25/
Crime,2026-02-09,Germany indicts Ukrainian over parcel bomb allegations tied to Russia,https://www.reuters.com/world/germany-indicts-ukrainian-over-parcel-bomb-allegations-tied-russia-2026-02-09/
Crime,2026-01-28,German police search Deutsche Bank offices in money laundering probe,https://www.reuters.com/business/finance/german-police-raids-deutsche-bank-sites-frankfurt-berlin-reports-spiegel-2026-01-28/
Crime,2026-01-09,Hamburg trial tests German law after US child's suicide linked to murder charge,https://www.reuters.com/world/hamburg-trial-tests-german-law-after-us-childs-suicide-linked-murder-charge-2026-01-09/
Health,2026-04-07,Bayer US head says tariffs will not affect its 2026 forecasts,https://www.reuters.com/world/bayer-us-head-says-tariffs-will-not-affect-its-2026-forecasts-2026-04-07/
Health,2026-03-31,How Germany's major public health insurance reform will affect you,https://www.thelocal.de/20260331/how-germanys-major-public-health-insurance-reform-will-affect-you
Health,2026-03-31,How smokers in Germany can get free lung cancer screenings,https://www.thelocal.de/20260331/how-smokers-in-germany-can-get-free-lung-cancer-screenings
Health,2026-03-30,German special commission on health insurance proposes measures to cap costs,https://www.reuters.com/business/healthcare-pharmaceuticals/german-special-commission-health-insurance-proposes-measures-cap-costs-2026-03-30/
Health,2026-03-25,Everything that changes in Germany in April 2026,https://www.thelocal.de/20260325/everything-that-changes-in-germany-in-april-2026
Health,2026-03-25,Taxes to health insurance: What reforms is Germany eyeing this spring?,https://www.thelocal.de/20260325/taxes-to-health-insurance-what-reforms-is-germany-eyeing-this-spring
Health,2026-03-24,Is Germany about to scrap free health insurance for spouses?,https://www.thelocal.de/20260324/is-germany-about-to-scrap-free-health-insurance-for-spouses
Health,2026-02-24,Healthcare group Fresenius' 2026 outlook falls short of expectations,https://www.reuters.com/business/healthcare-pharmaceuticals/germanys-fresenius-beats-revenue-expectations-fourth-quarter-2026-02-25/
Health,2026-02-11,The digital health apps covered by public health insurance in Germany,https://www.thelocal.de/20260211/the-digital-health-apps-covered-by-public-health-insurance-in-germany
Health,2026-02-03,What does public health insurance really cover at the dentist in Germany?,https://www.thelocal.de/20260203/what-does-public-health-insurance-really-cover-at-the-dentist-in-germany
